Interpreter,mri-2.3.3,ruby+omr,rtl-mjit,jruby-1.7.27,jruby-9.1.13,truffleruby-0.30.2
vs. mri-1.8.7 (Base),better,better,better,better,better,better
p-value,0.0,0.0,0.0,0.0,0.0,0.0
Runtime median,4.641735,4.47089,4.565042,6.58185,7.687492,3.874487
Runtime median (Base),12.781649,12.781649,12.781649,12.781649,12.781649,12.781649
Runtime median (difference),2.753636,2.85886,2.799897,1.941954,1.662655,3.298927
Runtime mean,4.64778,4.475933,4.567561,6.58394,7.688711,3.896979
Runtime mean (Base),12.789524,12.789524,12.789524,12.789524,12.789524,12.789524
Runtime mean (difference),2.751749,2.857398,2.800077,1.942533,1.663416,3.281907
